participant.id_in_session,participant.code,participant.label,participant._is_bot,participant._index_in_pages,participant._max_page_index,participant._current_app_name,participant._current_page_name,participant.time_started,participant.visited,participant.mturk_worker_id,participant.mturk_assignment_id,participant.payoff,player.id_in_group,player.role,player.age,player.gender,player.covid_positive,player.location,player.reading,player.Prolific_ID,player.attention_check,player.payoff,group.id_in_subsession,subsession.round_number,session.code,session.label,session.mturk_HITId,session.mturk_HITGroupId,session.comment,session.is_demo
1,odw3k2vs,,0,0,446,,,,0,,,0,1,,,,,,,,,0,1,1,uxmlwm02,,,,,1
2,vdba59gi,,0,0,446,,,,0,,,0,2,,,,,,,,,0,1,1,uxmlwm02,,,,,1
3,zwecc7xd,,0,0,446,,,,0,,,0,3,,,,,,,,,0,1,1,uxmlwm02,,,,,1
4,t6uwnfbs,,0,0,446,,,,0,,,0,4,,,,,,,,,0,1,1,uxmlwm02,,,,,1
5,ooud13wj,,0,0,446,,,,0,,,0,5,,,,,,,,,0,1,1,uxmlwm02,,,,,1
6,99gebvm1,,0,0,446,,,,0,,,0,6,,,,,,,,,0,1,1,uxmlwm02,,,,,1
7,3yaapz9q,,0,0,446,,,,0,,,0,7,,,,,,,,,0,1,1,uxmlwm02,,,,,1
8,63jrps4n,,0,0,446,,,,0,,,0,8,,,,,,,,,0,1,1,uxmlwm02,,,,,1
9,x4dzxo29,,0,0,446,,,,0,,,0,9,,,,,,,,,0,1,1,uxmlwm02,,,,,1
10,6ggayk6v,,0,0,446,,,,0,,,0,10,,,,,,,,,0,1,1,uxmlwm02,,,,,1
11,b3gcvxl5,,0,0,446,,,,0,,,0,11,,,,,,,,,0,1,1,uxmlwm02,,,,,1
1,ijn5fl3o,,0,150,446,public_goods_experiment_1,NewRound,2021-01-19 22:17:17.014983+00:00,1,,,80,1,,26,Male,0,England,0,test,New York City,0,1,1,mtsrujie,,,,,1
2,ctdbf3r2,,0,150,446,public_goods_experiment_1,NewRound,2021-01-19 22:17:19.195812+00:00,1,,,120,2,,26,Male,0,England,0,test,New York City,0,1,1,mtsrujie,,,,,1
3,469187ym,,0,150,446,public_goods_experiment_1,NewRound,2021-01-19 22:17:20.493220+00:00,1,,,20,3,,26,Male,1,England,0,test,New York City,0,1,1,mtsrujie,,,,,1
4,ucscuo50,,0,150,446,public_goods_experiment_1,NewRound,2021-01-19 22:17:21.633547+00:00,1,,,20,4,,26,Male,1,England,0,test,New York City,0,1,1,mtsrujie,,,,,1
5,54d44jez,,0,150,446,public_goods_experiment_1,NewRound,2021-01-19 22:17:23.181452+00:00,1,,,20,5,,26,Male,1,England,0,test,New York City,0,1,1,mtsrujie,,,,,1
6,i73g4qvs,,0,150,446,public_goods_experiment_1,NewRound,2021-01-19 22:17:24.216713+00:00,1,,,20,6,,26,Male,0,England,0,test,New York City,0,1,1,mtsrujie,,,,,1
7,o5m15dzq,,0,150,446,public_goods_experiment_1,NewRound,2021-01-19 22:17:26.400685+00:00,1,,,20,7,,26,Male,1,England,0,test,New York City,0,1,1,mtsrujie,,,,,1
8,3mkn4smq,,0,150,446,public_goods_experiment_1,NewRound,2021-01-19 22:17:27.708445+00:00,1,,,20,8,,26,Male,0,England,0,test,New York City,0,1,1,mtsrujie,,,,,1
9,yf6dhpv7,,0,150,446,public_goods_experiment_1,NewRound,2021-01-19 22:17:28.761331+00:00,1,,,80,9,,26,Male,1,England,0,test,New York City,0,1,1,mtsrujie,,,,,1
10,jgzbqu7b,,0,150,446,public_goods_experiment_1,NewRound,2021-01-19 22:17:32.181980+00:00,1,,,20,10,,26,Male,0,England,0,test,New York City,0,1,1,mtsrujie,,,,,1
11,vlzk98p2,,0,153,446,public_goods_experiment_1,SecondPlayerContribute,2021-01-19 22:17:34.031827+00:00,1,,,20,11,,26,Male,0,England,0,test,New York City,0,1,1,mtsrujie,,,,,1
1,dtshsahf,,0,0,446,,,,0,,,0,1,,,,,,,,,0,1,1,kzvuh5oe,,,,,1
2,yzvb3zpb,,0,0,446,,,,0,,,0,2,,,,,,,,,0,1,1,kzvuh5oe,,,,,1
3,m6itunbq,,0,0,446,,,,0,,,0,3,,,,,,,,,0,1,1,kzvuh5oe,,,,,1
4,pcjnndwd,,0,0,446,,,,0,,,0,4,,,,,,,,,0,1,1,kzvuh5oe,,,,,1
5,hag50dqo,,0,0,446,,,,0,,,0,5,,,,,,,,,0,1,1,kzvuh5oe,,,,,1
6,24x3tw2b,,0,0,446,,,,0,,,0,6,,,,,,,,,0,1,1,kzvuh5oe,,,,,1
7,cfkbvku8,,0,0,446,,,,0,,,0,7,,,,,,,,,0,1,1,kzvuh5oe,,,,,1
8,n4or51h1,,0,0,446,,,,0,,,0,8,,,,,,,,,0,1,1,kzvuh5oe,,,,,1
9,zeetbefk,,0,0,446,,,,0,,,0,9,,,,,,,,,0,1,1,kzvuh5oe,,,,,1
10,29r8bvoo,,0,0,446,,,,0,,,0,10,,,,,,,,,0,1,1,kzvuh5oe,,,,,1
11,abpskrgo,,0,0,446,,,,0,,,0,11,,,,,,,,,0,1,1,kzvuh5oe,,,,,1
1,xmo6y9j4,58d283fcbfaa440001d1f097,0,445,446,end_survey,Feedback,2021-01-20 11:35:20.286495+00:00,1,,,270,1,,51,Female,0,England,0,58d283fcbfaa440001d1f097,Chicago,0,1,1,ui73b4cc,,,,,0
2,ics99vz6,5d3cb6625ca28800166c8ffc,0,446,446,payment_info,PaymentInfo,2021-01-20 11:35:20.442093+00:00,1,,,2580,2,,19,Male,0,England,0,5d3cb6625ca28800166c8ffc,Chicago,0,1,1,ui73b4cc,,,,,0
3,ca56z2zv,5f215ed0456c964f5f1e408d,0,446,446,payment_info,PaymentInfo,2021-01-20 11:35:20.378888+00:00,1,,,2410,3,,29,Female,0,England,0,5f215ed0456c964f5f1e408d,Chicago,0,1,1,ui73b4cc,,,,,0
4,u6y8sx1v,5af17e5d3c1f670001a4570e,0,445,446,end_survey,Feedback,2021-01-20 11:35:20.489940+00:00,1,,,270,4,,0,,0,,0,,,0,1,1,ui73b4cc,,,,,0
5,wfpzt5z0,5d2464b812b27400011db6e7,0,446,446,payment_info,PaymentInfo,2021-01-20 11:35:20.743958+00:00,1,,,2120,5,,36,Female,0,England,0,5d2464b812b27400011db6e7,Chicago,0,1,1,ui73b4cc,,,,,0
6,nwr8ut6o,5ca0de7d8001d50018c69031,0,446,446,payment_info,PaymentInfo,2021-01-20 11:35:20.838229+00:00,1,,,2340,6,,0,,0,,0,,,0,1,1,ui73b4cc,,,,,0
7,wv2ypvol,5b88002a7bb9e90001f0703f,0,446,446,payment_info,PaymentInfo,2021-01-20 11:35:20.572245+00:00,1,,,2750,7,,36,Male,0,England,0,5b88002a7bb9e90001f0703f,Chicago,0,1,1,ui73b4cc,,,,,0
8,hhasem8p,5b1d413544127b00013fea42,0,445,446,end_survey,Feedback,2021-01-20 11:35:20.618045+00:00,1,,,270,8,,0,,0,,0,,,0,1,1,ui73b4cc,,,,,0
9,ri3991uw,5ef3087637ccf9000bbacd57,0,446,446,payment_info,PaymentInfo,2021-01-20 11:35:21.099646+00:00,1,,,1980,9,,35,Female,0,England,0,5ef3087637ccf9000bbacd57,Tokyo,0,1,1,ui73b4cc,,,,,0
10,7fuuovrt,5e49c48fac17f4000c1bfcbc,0,446,446,payment_info,PaymentInfo,2021-01-20 11:35:21.553918+00:00,1,,,2120,10,,39,Female,0,Northern Ireland,0,5e49c48fac17f4000c1bfcbc,Chicago,0,1,1,ui73b4cc,,,,,0
11,mhnrlki6,5f8c5fe7018e5908ef6f1b1f,0,446,446,payment_info,PaymentInfo,2021-01-20 11:35:22.106304+00:00,1,,,2460,11,,33,Female,0,England,0,5f8c5fe7018e5908ef6f1b1f,Chicago,0,1,1,ui73b4cc,,,,,0
1,tlrbw2wd,5f9b28cdd59a8e3148572a38,0,446,446,payment_info,PaymentInfo,2021-01-20 20:46:51.911264+00:00,1,,,2280,1,,21,Male,0,England,0,5f9b28cdd59a8e3148572a38,Chicago,0,1,1,kiy32p78,,,,,0
2,h95dma4u,5cc1c0120915430001d7f38e,0,446,446,payment_info,PaymentInfo,2021-01-20 20:46:51.977521+00:00,1,,,1800,2,,58,Female,0,England,0,5cc1c0120915430001d7f38e,Chicago,0,1,1,kiy32p78,,,,,0
3,sisuspnh,5ffddf62a9ce783d6ae3a7dc,0,446,446,payment_info,PaymentInfo,2021-01-20 20:46:52.281856+00:00,1,,,2230,3,,64,Male,0,Wales,0,5ffddf62a9ce783d6ae3a7dc,Chicago,0,1,1,kiy32p78,,,,,0
4,ifhfugeh,5f1afac4a6090e27181f302d,0,446,446,payment_info,PaymentInfo,2021-01-20 20:46:52.061501+00:00,1,,,1850,4,,21,Female,0,Wales,0,5f1afac4a6090e27181f302d,Chicago,0,1,1,kiy32p78,,,,,0
5,19navfft,5f4650bde0e1d7016717bb5e,0,446,446,payment_info,PaymentInfo,2021-01-20 20:46:52.097761+00:00,1,,,1890,5,,47,Female,0,Wales,0,5f4650bde0e1d7016717bb5e,Tokyo,0,1,1,kiy32p78,,,,,0
6,sq9bkwdu,5ff7579b5edf433e40c56f2d,0,446,446,payment_info,PaymentInfo,2021-01-20 20:46:52.139337+00:00,1,,,2300,6,,34,Female,0,Wales,0,5ff7579b5edf433e40c56f2d,Chicago,0,1,1,kiy32p78,,,,,0
7,mloknwd8,5f522c40069004482b3af322,0,446,446,payment_info,PaymentInfo,2021-01-20 20:46:52.025638+00:00,1,,,2170,7,,32,Male,0,England,0,5f522c40069004482b3af322,Chicago,0,1,1,kiy32p78,,,,,0
8,0yi258kw,5edf3a73f4a50b1de157ff46,0,446,446,payment_info,PaymentInfo,2021-01-20 20:46:52.175977+00:00,1,,,2610,8,,49,Female,0,Northern Ireland,0,5edf3a73f4a50b1de157ff46,Chicago,0,1,1,kiy32p78,,,,,0
9,1mxiuapc,5edcf3276763349d23ae0c5a,0,446,446,payment_info,PaymentInfo,2021-01-20 20:46:52.211659+00:00,1,,,2350,9,,33,Female,0,England,0,5edcf3276763349d23ae0c5a,Chicago,0,1,1,kiy32p78,,,,,0
10,yu5vdppa,5edcb44d9b29b400086aa550,0,446,446,payment_info,PaymentInfo,2021-01-20 20:46:52.248483+00:00,1,,,2000,10,,34,Female,0,England,0,5edcb44d9b29b400086aa550,Chicago,0,1,1,kiy32p78,,,,,0
11,csnm750f,5f8b729be907951577f9369d,0,446,446,payment_info,PaymentInfo,2021-01-20 20:46:53.494397+00:00,1,,,2100,11,,26,Female,0,England,0,5f8b729be907951577f9369d,Tokyo,0,1,1,kiy32p78,,,,,0
1,83wbkm0x,5d61a78c6512d700179fad0e,0,446,446,payment_info,PaymentInfo,2021-01-20 22:59:24.848992+00:00,1,,,2240,1,,30,Female,1,England,0,5d61a78c6512d700179fad0e,Chicago,0,1,1,hbnj3sqi,,,,,0
2,u9bunuu8,5aa7b522b5e2110001c74775,0,445,446,end_survey,Feedback,2021-01-20 22:59:24.791358+00:00,1,,,490,2,,0,,0,,0,,,0,1,1,hbnj3sqi,,,,,0
3,rhueshx1,5b9d57e5737d030001ad2cbf,0,446,446,payment_info,PaymentInfo,2021-01-20 22:59:24.915942+00:00,1,,,2290,3,,53,Male,0,England,0,5b9d57e5737d030001ad2cbf,Chicago,0,1,1,hbnj3sqi,,,,,0
4,rqw7f61b,5fc6b2f87ea86c0cf0b11004,0,446,446,payment_info,PaymentInfo,2021-01-20 22:59:25.535038+00:00,1,,,1710,4,,22,Male,0,England,0,5fc6b2f87ea86c0cf0b11004,Tokyo,0,1,1,hbnj3sqi,,,,,0
5,9o2i1w7b,5b4bc63b189b4300014face0,0,446,446,payment_info,PaymentInfo,2021-01-20 22:59:24.884092+00:00,1,,,1870,5,,20,Male,0,England,0,5b4bc63b189b4300014face0,Chicago,0,1,1,hbnj3sqi,,,,,0
6,6k42f5uv,5e9a162fc140d109fe1a4618,0,446,446,payment_info,PaymentInfo,2021-01-20 22:59:24.946162+00:00,1,,,2190,6,,24,Male,0,England,0,5e9a162fc140d109fe1a4618,Chicago,0,1,1,hbnj3sqi,,,,,0
7,3ej41aon,5ce7c46d79642d0017767d94,0,446,446,payment_info,PaymentInfo,2021-01-20 22:59:25.021174+00:00,1,,,2290,7,,40,Male,0,England,0,5ce7c46d79642d0017767d94,Chicago,0,1,1,hbnj3sqi,,,,,0
8,bzufjjnj,5fa17668d344ba27114bdffe,0,446,446,payment_info,PaymentInfo,2021-01-20 22:59:24.978720+00:00,1,,,2200,8,,27,Female,0,England,0,5fa17668d344ba27114bdffe,Chicago,0,1,1,hbnj3sqi,,,,,0
9,b28r9jfp,5fe6699850c73d4a35116f32,0,445,446,end_survey,Feedback,2021-01-20 22:59:25.088876+00:00,1,,,490,9,,0,,0,,0,,,0,1,1,hbnj3sqi,,,,,0
10,wwwj081u,5f2821cb25deb5052ffe1ba9,0,446,446,payment_info,PaymentInfo,2021-01-20 22:59:25.129392+00:00,1,,,1960,10,,24,Male,0,Wales,0,5f2821cb25deb5052ffe1ba9,Chicago,0,1,1,hbnj3sqi,,,,,0
11,h8p6qlbd,5fdbc3d733528a08fdb7cc57,0,446,446,payment_info,PaymentInfo,2021-01-20 22:59:25.055726+00:00,1,,,1960,11,,24,Female,0,England,0,5fdbc3d733528a08fdb7cc57,Tokyo,0,1,1,hbnj3sqi,,,,,0
1,b0odfokv,5eca6060350b940124f94980,0,446,446,payment_info,PaymentInfo,2021-01-21 09:18:06.247105+00:00,1,,,2080,1,,19,Male,1,England,0,5eca6060350b940124f94980,Chicago,0,1,1,ee8b40fn,,,,,0
2,9a99y01v,5f4bdd0445dcf109c307b90d,0,446,446,payment_info,PaymentInfo,2021-01-21 09:18:05.961859+00:00,1,,,2440,2,,20,Male,0,England,0,5f4bdd0445dcf109c307b90d,Chicago,0,1,1,ee8b40fn,,,,,0
3,lzur0ua6,5eadaff848b26f4483ae62d9,0,446,446,payment_info,PaymentInfo,2021-01-21 09:18:06.070893+00:00,1,,,2140,3,,39,Male,0,England,0,5eadaff848b26f4483ae62d9,Chicago,0,1,1,ee8b40fn,,,,,0
4,7pbhxkum,5e1e5c3c80e02e1c36679187,0,446,446,payment_info,PaymentInfo,2021-01-21 09:18:06.442761+00:00,1,,,1920,4,,61,Female,0,Scotland,0,5e1e5c3c80e02e1c36679187,Chicago,0,1,1,ee8b40fn,,,,,0
5,u0rvrhmp,5d1a69d8f97a18001977e0d7,0,446,446,payment_info,PaymentInfo,2021-01-21 09:18:06.412343+00:00,1,,,1990,5,,44,Male,0,England,0,5d1a69d8f97a18001977e0d7,Tokyo,0,1,1,ee8b40fn,,,,,0
6,avdidn3m,5fc64b053be696256aeffa0c,0,446,446,payment_info,PaymentInfo,2021-01-21 09:18:06.380636+00:00,1,,,1730,6,,0,,0,,0,,,0,1,1,ee8b40fn,,,,,0
7,yasfn7s0,5efa358d3b02ed8465b9a726,0,446,446,payment_info,PaymentInfo,2021-01-21 09:18:06.113283+00:00,1,,,1990,7,,46,Female,0,England,0,5efa358d3b02ed8465b9a726,Chicago,0,1,1,ee8b40fn,,,,,0
8,swr2teus,5f6d1389e5d74817b6231b3b,0,446,446,payment_info,PaymentInfo,2021-01-21 09:18:06.285551+00:00,1,,,2030,8,,35,Female,0,England,0,5f6d1389e5d74817b6231b3b,Chicago,0,1,1,ee8b40fn,,,,,0
9,oz429r0b,5ffe490b9169a24acfdb6744,0,446,446,payment_info,PaymentInfo,2021-01-21 09:18:06.143219+00:00,1,,,1820,9,,23,Male,0,England,0,5ffe490b9169a24acfdb6744,Chicago,0,1,1,ee8b40fn,,,,,0
10,z01rchrc,5ee0edcb962eba464f486b40,0,446,446,payment_info,PaymentInfo,2021-01-21 09:18:06.336906+00:00,1,,,2180,10,,62,Male,0,England,0,5ee0edcb962eba464f486b40,Chicago,0,1,1,ee8b40fn,,,,,0
11,ikxf2eb2,5fef22a0e7a1d21ed2ef0dbe,0,446,446,payment_info,PaymentInfo,2021-01-21 09:18:06.193988+00:00,1,,,1840,11,,34,Male,0,England,0,5fef22a0e7a1d21ed2ef0dbe,Chicago,0,1,1,ee8b40fn,,,,,0
1,qutm9fwe,5f11a8920a200d04be2d952e,0,446,446,payment_info,PaymentInfo,2021-01-21 10:08:15.124540+00:00,1,,,2820,1,,25,Female,0,England,0,5f11a8920a200d04be2d952e,Chicago,0,1,1,nxh8gdtc,,,,,0
2,ag18jf44,5fb29577ca2ab98b170f5299,0,445,446,end_survey,Feedback,2021-01-21 10:08:15.250283+00:00,1,,,200,2,,32,Male,0,England,0,5fb29577ca2ab98b170f5299,Tokyo,0,1,1,nxh8gdtc,,,,,0
3,3sn15yms,5d68c8aa40524c00189e8ac2,0,446,446,payment_info,PaymentInfo,2021-01-21 10:08:15.174161+00:00,1,,,2900,3,,0,,0,,0,,,0,1,1,nxh8gdtc,,,,,0
4,8g1cel4x,5ebac054d63dde03790ceef8,0,446,446,payment_info,PaymentInfo,2021-01-21 10:08:15.206621+00:00,1,,,2290,4,,29,Female,0,England,0,5ebac054d63dde03790ceef8,Chicago,0,1,1,nxh8gdtc,,,,,0
5,stfuw5pp,5f8578aeb89aed0263cf5355,0,446,446,payment_info,PaymentInfo,2021-01-21 10:08:15.346832+00:00,1,,,1990,5,,27,Indeterminate/Intersex/Unspecified,0,England,0,5f8578aeb89aed0263cf5355,Chicago,0,1,1,nxh8gdtc,,,,,0
6,qkkp4w2o,5f102f0212ea4f000a8ac9da,0,446,446,payment_info,PaymentInfo,2021-01-21 10:08:15.281729+00:00,1,,,2640,6,,51,Male,0,Scotland,0,5f102f0212ea4f000a8ac9da,Chicago,0,1,1,nxh8gdtc,,,,,0
7,c6o4qwkx,5e8b2e599abd417d9512a877,0,446,446,payment_info,PaymentInfo,2021-01-21 10:08:15.313770+00:00,1,,,2330,7,,32,Female,0,England,0,5e8b2e599abd417d9512a877,Chicago,0,1,1,nxh8gdtc,,,,,0
8,yt1v4e5a,5b1aa0433e5521000120f7a8,0,446,446,payment_info,PaymentInfo,2021-01-21 10:08:15.385623+00:00,1,,,2260,8,,30,Female,0,England,0,5b1aa0433e5521000120f7a8,Chicago,0,1,1,nxh8gdtc,,,,,0
9,5pz8eids,5c5c539213005e0001ab6517,0,446,446,payment_info,PaymentInfo,2021-01-21 10:08:16.064336+00:00,1,,,1910,9,,64,Male,0,England,0,5c5c539213005e0001ab6517,Tokyo,0,1,1,nxh8gdtc,,,,,0
10,56kf65tx,5ff6f6a583eb982d4248b8c6,0,446,446,payment_info,PaymentInfo,2021-01-21 10:08:16.122459+00:00,1,,,2240,10,,20,Female,0,England,0,5ff6f6a583eb982d4248b8c6,Chicago,0,1,1,nxh8gdtc,,,,,0
11,ej0ub5bc,5f057c7f3f3bf0000b446bb9,0,445,446,end_survey,Feedback,2021-01-21 10:08:15.633960+00:00,1,,,200,11,,49,Female,0,England,0,5f057c7f3f3bf0000b446bb9,Chicago,0,1,1,nxh8gdtc,,,,,0
1,wfgl8hda,5f85ca08d15244090ce2fc07,0,445,446,end_survey,Feedback,2021-01-21 11:16:50.839362+00:00,1,,,580,1,,0,,0,,0,,,0,1,1,wbj7asnz,,,,,0
2,aggl3yve,5f95c381d608020c9d0bcb7b,0,446,446,payment_info,PaymentInfo,2021-01-21 11:16:51.158297+00:00,1,,,1900,2,,27,Female,0,England,0,5f95c381d608020c9d0bcb7b,Tokyo,0,1,1,wbj7asnz,,,,,0
3,bpfehv87,5e9f6d2a0f600f0dc07ea1f8,0,446,446,payment_info,PaymentInfo,2021-01-21 11:16:51.357821+00:00,1,,,2100,3,,23,Female,1,England,0,5e9f6d2a0f600f0dc07ea1f8,Chicago,0,1,1,wbj7asnz,,,,,0
4,lpdyleza,5bc772a554b3bc0001a33bde,0,446,446,payment_info,PaymentInfo,2021-01-21 11:16:51.925179+00:00,1,,,2370,4,,26,Male,0,Scotland,0,5bc772a554b3bc0001a33bde,Chicago,0,1,1,wbj7asnz,,,,,0
5,9m91midn,5efa33c4e9f4160ffd817db9,0,446,446,payment_info,PaymentInfo,2021-01-21 11:16:51.404784+00:00,1,,,2160,5,,39,Female,0,England,0,5efa33c4e9f4160ffd817db9,Chicago,0,1,1,wbj7asnz,,,,,0
6,dvibaj70,5f561a95aa1c4ea13672f138,0,446,446,payment_info,PaymentInfo,2021-01-21 11:16:51.862033+00:00,1,,,1700,6,,37,Male,0,England,0,5f561a95aa1c4ea13672f138,Chicago,0,1,1,wbj7asnz,,,,,0
7,wm8nj720,5fff562045ca0505b01ecf83,0,446,446,payment_info,PaymentInfo,2021-01-21 11:16:51.269899+00:00,1,,,2420,7,,32,Male,0,England,0,5fff562045ca0505b01ecf83,Chicago,0,1,1,wbj7asnz,,,,,0
8,ho98lc10,5dac7eaa59f37100128372d5,0,446,446,payment_info,PaymentInfo,2021-01-21 11:16:51.770022+00:00,1,,,1870,8,,56,Female,0,England,0,5dac7eaa59f37100128372d5,Chicago,0,1,1,wbj7asnz,,,,,0
9,xxdgeu81,5d24e4ba5018e900158d31f1,0,446,446,payment_info,PaymentInfo,2021-01-21 11:16:51.662779+00:00,1,,,2030,9,,30,Male,0,Scotland,0,5d24e4ba5018e900158d31f1,Chicago,0,1,1,wbj7asnz,,,,,0
10,504i25gn,5e6e0ba33c76d23b3521aeac,0,446,446,payment_info,PaymentInfo,2021-01-21 11:16:51.590042+00:00,1,,,2230,10,,33,Male,0,England,0,5e6e0ba33c76d23b3521aeac,Chicago,0,1,1,wbj7asnz,,,,,0
11,tcn0caiz,5ee379c2c1832e050bac5c14,0,446,446,payment_info,PaymentInfo,2021-01-21 11:16:51.494081+00:00,1,,,1870,11,,36,Male,0,Scotland,0,5ee379c2c1832e050bac5c14,Chicago,0,1,1,wbj7asnz,,,,,0
1,fz4epc3h,5d9452e023002d001c67bab1,0,446,446,payment_info,PaymentInfo,2021-01-21 12:15:31.691281+00:00,1,,,3130,1,,34,Female,0,England,0,5d9452e023002d001c67bab1,Tokyo,0,1,1,ojdekxgb,,,,,0
2,wewfzhco,5f58970c75be84000bd26e43,0,446,446,payment_info,PaymentInfo,2021-01-21 12:15:31.926925+00:00,1,,,2400,2,,29,Female,0,England,0,5f58970c75be84000bd26e43,Chicago,0,1,1,ojdekxgb,,,,,0
3,31epp0om,5e9aff02f4a78b1a1fe7fc3c,0,446,446,payment_info,PaymentInfo,2021-01-21 12:15:32.075548+00:00,1,,,2260,3,,25,Male,0,England,0,5e9aff02f4a78b1a1fe7fc3c,Chicago,0,1,1,ojdekxgb,,,,,0
4,vsfsgvaq,6001d509ba585d1450ab51b4,0,446,446,payment_info,PaymentInfo,2021-01-21 12:15:32.274478+00:00,1,,,2180,4,,20,Female,0,England,0,6001d509ba585d1450ab51b4,Chicago,0,1,1,ojdekxgb,,,,,0
5,uwa9def6,5ed62b33b663bd01d5aaa248,0,446,446,payment_info,PaymentInfo,2021-01-21 12:15:32.174985+00:00,1,,,2420,5,,20,Female,0,England,0,5ed62b33b663bd01d5aaa248,Chicago,0,1,1,ojdekxgb,,,,,0
6,7sxp6y35,6005fb2069c78192dae6849a,0,446,446,payment_info,PaymentInfo,2021-01-21 12:15:32.244083+00:00,1,,,2030,6,,45,Female,0,England,0,6005fb2069c78192dae6849a,Tokyo,0,1,1,ojdekxgb,,,,,0
7,w1b4wn4x,56fa855251c6bf000bcb362d,0,446,446,payment_info,PaymentInfo,2021-01-21 12:15:32.380343+00:00,1,,,2120,7,,61,Male,0,Scotland,0,56fa855251c6bf000bcb362d,Chicago,0,1,1,ojdekxgb,,,,,0
8,fmyl2fyi,5df9f1c15777b5752bf8b085,0,446,446,payment_info,PaymentInfo,2021-01-21 12:15:32.618043+00:00,1,,,2200,8,,26,Male,0,England,0,5df9f1c15777b5752bf8b085,Chicago,0,1,1,ojdekxgb,,,,,0
9,lede0v25,5eac39578621a7067ae955eb,0,446,446,payment_info,PaymentInfo,2021-01-21 12:15:32.572741+00:00,1,,,2390,9,,37,Male,0,England,0,5eac39578621a7067ae955eb,Chicago,0,1,1,ojdekxgb,,,,,0
10,hqshwta6,5c6c21defcc364000121d975,0,446,446,payment_info,PaymentInfo,2021-01-21 12:15:32.506196+00:00,1,,,2790,10,,39,Male,0,England,0,5c6c21defcc364000121d975,Chicago,0,1,1,ojdekxgb,,,,,0
11,j4hki6sv,5f95a3881bb5934107d536cb,0,446,446,payment_info,PaymentInfo,2021-01-21 12:15:32.657617+00:00,1,,,2610,11,,26,Male,1,England,0,5f95a3881bb5934107d536cb,Chicago,0,1,1,ojdekxgb,,,,,0
1,q63o4p15,5c4f5967aac8be0001716a65,0,446,446,payment_info,PaymentInfo,2021-01-21 20:30:07.818170+00:00,1,,,2310,1,,29,Male,0,Northern Ireland,0,5c4f5967aac8be0001716a65,Chicago,0,1,1,oi33rp64,,,,,0
2,p3j6y9l0,5e77b14e04b11505c0839c3f,0,446,446,payment_info,PaymentInfo,2021-01-21 20:30:08.158501+00:00,1,,,2480,2,,30,Female,0,England,0,5e77b14e04b11505c0839c3f,Chicago,0,1,1,oi33rp64,,,,,0
3,68jq6g63,581ccd016c73180001fa5b2a,0,446,446,payment_info,PaymentInfo,2021-01-21 20:30:08.282347+00:00,1,,,2350,3,,42,Male,0,England,0,581ccd016c73180001fa5b2a,Chicago,0,1,1,oi33rp64,,,,,0
4,t6x912ed,5da59a5264995200110bef1a,0,445,446,end_survey,Feedback,2021-01-21 20:30:09.105982+00:00,1,,,540,4,,0,,0,,0,,,0,1,1,oi33rp64,,,,,0
5,0ea1a9gm,5fd556d754d9293bae892e6c,0,446,446,payment_info,PaymentInfo,2021-01-21 20:30:08.420615+00:00,1,,,2280,5,,28,Female,0,England,0,5fd556d754d9293bae892e6c,Chicago,0,1,1,oi33rp64,,,,,0
6,9ie7aegk,5e4ed883d3132c329fd8dad1,0,446,446,payment_info,PaymentInfo,2021-01-21 20:30:08.616793+00:00,1,,,2150,6,,36,Female,0,England,0,5e4ed883d3132c329fd8dad1,Chicago,0,1,1,oi33rp64,,,,,0
7,adwjbxuv,5f91dbe69b8f970b4c91629d,0,446,446,payment_info,PaymentInfo,2021-01-21 20:30:08.541772+00:00,1,,,2240,7,,27,Male,0,England,0,5f91dbe69b8f970b4c91629d,Chicago,0,1,1,oi33rp64,,,,,0
8,lrke6e6f,5f8ef1efed20570b76a8de8c,0,446,446,payment_info,PaymentInfo,2021-01-21 20:30:08.663125+00:00,1,,,2200,8,,29,Female,0,England,0,5f8ef1efed20570b76a8de8c,Chicago,0,1,1,oi33rp64,,,,,0
9,hh85vatt,5e3723a2c0b2896ad554be73,0,446,446,payment_info,PaymentInfo,2021-01-21 20:30:09.155334+00:00,1,,,1900,9,,43,Female,0,England,0,5e3723a2c0b2896ad554be73,Chicago,0,1,1,oi33rp64,,,,,0
10,ohv0sz1u,5fb3eac8b39b0a0008124fd8,0,446,446,payment_info,PaymentInfo,2021-01-21 20:30:08.491103+00:00,1,,,2120,10,,40,Female,0,Scotland,0,5fb3eac8b39b0a0008124fd8,Chicago,0,1,1,oi33rp64,,,,,0
11,v5azltus,5f40ed58fceca2234d44f3bf,0,446,446,payment_info,PaymentInfo,2021-01-21 20:30:20.842405+00:00,1,,,2420,11,,23,Female,0,England,0,5f40ed58fceca2234d44f3bf,Chicago,0,1,1,oi33rp64,,,,,0
1,h1egbe5y,5cc73bee30113f00161658b1,0,446,446,payment_info,PaymentInfo,2021-01-21 21:26:04.569108+00:00,1,,,2640,1,,50,Female,0,England,0,5cc73bee30113f00161658b1,Chicago,0,1,1,fh0x4vmd,,,,,0
2,jngq4kk2,5fcfa3168335430d143b4431,0,446,446,payment_info,PaymentInfo,2021-01-21 21:26:04.825254+00:00,1,,,2420,2,,18,Female,0,England,0,5fcfa3168335430d143b4431,Chicago,0,1,1,fh0x4vmd,,,,,0
3,tixyujmh,5f4412624052727181839e3a,0,446,446,payment_info,PaymentInfo,2021-01-21 21:26:04.752693+00:00,1,,,2520,3,,22,Male,0,Wales,0,5f4412624052727181839e3a,Chicago,0,1,1,fh0x4vmd,,,,,0
4,u34y9nda,572f526c3c27e7000e0b8aaa,0,445,446,end_survey,Feedback,2021-01-21 21:26:04.908024+00:00,1,,,260,4,,30,Male,0,England,0,572f526c3c27e7000e0b8bbbb,Tokyo,0,1,1,fh0x4vmd,,,,,0
5,cxwfqom9,5ea4864445b9ce057f270e90,0,445,446,end_survey,Feedback,2021-01-21 21:26:38.401250+00:00,1,,,260,5,,0,,0,,0,,,0,1,1,fh0x4vmd,,,,,0
6,q1nz45sd,5ebc1b7eee44e501328a5dee,0,446,446,payment_info,PaymentInfo,2021-01-21 21:26:05.163672+00:00,1,,,2900,6,,43,Female,0,England,0,5ebc1b7eee44e501328a5dee,Chicago,0,1,1,fh0x4vmd,,,,,0
7,ytmvdgau,5f3013e31c8a690aacb02c31,0,446,446,payment_info,PaymentInfo,2021-01-21 21:26:04.983870+00:00,1,,,2150,7,,28,Female,0,England,0,5f3013e31c8a690aacb02c31,Tokyo,0,1,1,fh0x4vmd,,,,,0
8,y6j8twbs,5db31089a1f8d3000c10a6c5,0,446,446,payment_info,PaymentInfo,2021-01-21 21:26:05.235247+00:00,1,,,2270,8,,58,Female,0,Scotland,0,5db31089a1f8d3000c10a6c5,Chicago,0,1,1,fh0x4vmd,,,,,0
9,p77pbbiy,5d7e8b886984850001138382,0,446,446,payment_info,PaymentInfo,2021-01-21 21:26:05.071722+00:00,1,,,2980,9,,34,Female,0,England,0,5d7e8b886984850001138382,Chicago,0,1,1,fh0x4vmd,,,,,0
10,fu1vgdim,5ea4cebb8944a8495280db42,0,446,446,payment_info,PaymentInfo,2021-01-21 21:26:06.685871+00:00,1,,,2170,10,,24,Female,0,England,0,5ea4cebb8944a8495280db42,Chicago,0,1,1,fh0x4vmd,,,,,0
11,hzqxcdvn,5bbc3d95f1f9ba000141d855,0,446,446,payment_info,PaymentInfo,2021-01-21 21:26:07.255804+00:00,1,,,2610,11,,62,Female,0,England,0,5bbc3d95f1f9ba000141d855,Chicago,0,1,1,fh0x4vmd,,,,,0
1,wdllxu57,5f5b76c81a328c2a9a84f757,0,446,446,payment_info,PaymentInfo,2021-01-21 22:29:11.788745+00:00,1,,,1390,1,,33,Male,0,England,0,5f5b76c81a328c2a9a84f757,Chicago,0,1,1,8mg61jr9,,,,,0
2,du14oyms,5f088d02d931c10a63acc48f,0,446,446,payment_info,PaymentInfo,2021-01-21 22:29:11.902083+00:00,1,,,2780,2,,21,Female,0,England,0,5f088d02d931c10a63acc48f,Tokyo,0,1,1,8mg61jr9,,,,,0
3,9z2b9da2,5fea1afc539a389dc0cfc46a,0,446,446,payment_info,PaymentInfo,2021-01-21 22:29:12.035643+00:00,1,,,2170,3,,22,Female,0,England,0,5fea1afc539a389dc0cfc46a,Chicago,0,1,1,8mg61jr9,,,,,0
4,kf1tn1a4,5e6e6df77fa76d000ba0f155,0,446,446,payment_info,PaymentInfo,2021-01-21 22:29:11.986655+00:00,1,,,2890,4,,34,Female,0,Scotland,0,5e6e6df77fa76d000ba0f155,Chicago,0,1,1,8mg61jr9,,,,,0
5,cyvz259n,5fbc09e242e4d907cad1af91,0,445,446,end_survey,Feedback,2021-01-21 22:29:12.401818+00:00,1,,,380,5,,19,Female,0,England,0,5fbc09e242e4d907cad1af91,Chicago,0,1,1,8mg61jr9,,,,,0
6,syoutt4z,5f75d01a857e4e27a575f7ca,0,446,446,payment_info,PaymentInfo,2021-01-21 22:29:12.080875+00:00,1,,,2180,6,,39,Female,0,England,0,5f75d01a857e4e27a575f7ca,Chicago,0,1,1,8mg61jr9,,,,,0
7,udd1bx16,5f068d28ea1cc71f50c3e13a,0,446,446,payment_info,PaymentInfo,2021-01-21 22:29:12.323856+00:00,1,,,2430,7,,25,Male,0,England,0,5f068d28ea1cc71f50c3e13a,Chicago,0,1,1,8mg61jr9,,,,,0
8,vo3pcrbx,5ef5f74fb4a08f2676fb3aba,0,446,446,payment_info,PaymentInfo,2021-01-21 22:29:12.173698+00:00,1,,,2410,8,,50,Female,0,England,0,5ef5f74fb4a08f2676fb3aba,Chicago,0,1,1,8mg61jr9,,,,,0
9,cnokmlwj,558996f2fdf99b7ae47f5ed2,0,445,446,end_survey,Feedback,2021-01-21 22:29:12.242622+00:00,1,,,380,9,,34,Male,0,England,0,558996f2fdf99b7ae47f5ed2,Chicago,0,1,1,8mg61jr9,,,,,0
10,hsi8flhh,5ee9ea0466afb7000be846b9,0,446,446,payment_info,PaymentInfo,2021-01-21 22:29:12.485883+00:00,1,,,2190,10,,23,Female,0,England,0,5ee9ea0466afb7000be846b9,Chicago,0,1,1,8mg61jr9,,,,,0
11,ltwtoj8s,5ca5fb084f3e9d0015440d1d,0,446,446,payment_info,PaymentInfo,2021-01-21 22:29:13.587960+00:00,1,,,2380,11,,42,Female,0,England,0,5ca5fb084f3e9d0015440d1d,Chicago,0,1,1,8mg61jr9,,,,,0
1,503lai8r,,0,2,446,consent,ConsentPage,2021-01-22 06:31:09.293983+00:00,1,,,0,1,,,,,,,,,0,1,1,9b5vtwkj,,,,,1
2,kev08yde,,0,1,446,consent,ExplanatorySheet,2021-01-22 06:36:39.132466+00:00,1,,,0,2,,,,,,,,,0,1,1,9b5vtwkj,,,,,1
3,f8x4cza5,,0,0,446,,,,0,,,0,3,,,,,,,,,0,1,1,9b5vtwkj,,,,,1
4,ibrqmtub,,0,0,446,,,,0,,,0,4,,,,,,,,,0,1,1,9b5vtwkj,,,,,1
5,il2s311p,,0,0,446,,,,0,,,0,5,,,,,,,,,0,1,1,9b5vtwkj,,,,,1
6,q6divw3r,,0,0,446,,,,0,,,0,6,,,,,,,,,0,1,1,9b5vtwkj,,,,,1
7,5jomhgbp,,0,0,446,,,,0,,,0,7,,,,,,,,,0,1,1,9b5vtwkj,,,,,1
8,mzfy538n,,0,0,446,,,,0,,,0,8,,,,,,,,,0,1,1,9b5vtwkj,,,,,1
9,t93rfb59,,0,0,446,,,,0,,,0,9,,,,,,,,,0,1,1,9b5vtwkj,,,,,1
10,pv09sprz,,0,0,446,,,,0,,,0,10,,,,,,,,,0,1,1,9b5vtwkj,,,,,1
11,qkt37r6k,,0,0,446,,,,0,,,0,11,,,,,,,,,0,1,1,9b5vtwkj,,,,,1
1,dy77acd8,,0,1,446,consent,ExplanatorySheet,2021-01-22 06:40:04.333261+00:00,1,,,0,1,,,,,,,,,0,1,1,13399w3m,,,,,1
2,i9ef82ey,,0,0,446,,,,0,,,0,2,,,,,,,,,0,1,1,13399w3m,,,,,1
3,tsblg3xb,,0,0,446,,,,0,,,0,3,,,,,,,,,0,1,1,13399w3m,,,,,1
4,vk4171o5,,0,0,446,,,,0,,,0,4,,,,,,,,,0,1,1,13399w3m,,,,,1
5,xcabpas5,,0,0,446,,,,0,,,0,5,,,,,,,,,0,1,1,13399w3m,,,,,1
6,b65ug8q9,,0,0,446,,,,0,,,0,6,,,,,,,,,0,1,1,13399w3m,,,,,1
7,yo4txpde,,0,0,446,,,,0,,,0,7,,,,,,,,,0,1,1,13399w3m,,,,,1
8,lsefisu1,,0,0,446,,,,0,,,0,8,,,,,,,,,0,1,1,13399w3m,,,,,1
9,rb4eom26,,0,0,446,,,,0,,,0,9,,,,,,,,,0,1,1,13399w3m,,,,,1
10,r5nlbqpn,,0,0,446,,,,0,,,0,10,,,,,,,,,0,1,1,13399w3m,,,,,1
11,uj1z05us,,0,0,446,,,,0,,,0,11,,,,,,,,,0,1,1,13399w3m,,,,,1
1,ie3twi4s,,0,0,446,,,,0,,,0,1,,,,,,,,,0,1,1,ysgs9slj,,,,,1
2,1o6xbb1r,,0,0,446,,,,0,,,0,2,,,,,,,,,0,1,1,ysgs9slj,,,,,1
3,186qntxx,,0,0,446,,,,0,,,0,3,,,,,,,,,0,1,1,ysgs9slj,,,,,1
4,035nsq9z,,0,0,446,,,,0,,,0,4,,,,,,,,,0,1,1,ysgs9slj,,,,,1
5,uu0gg84z,,0,0,446,,,,0,,,0,5,,,,,,,,,0,1,1,ysgs9slj,,,,,1
6,wxyy3mjz,,0,0,446,,,,0,,,0,6,,,,,,,,,0,1,1,ysgs9slj,,,,,1
7,au38cgyg,,0,0,446,,,,0,,,0,7,,,,,,,,,0,1,1,ysgs9slj,,,,,1
8,7x9dx3ov,,0,0,446,,,,0,,,0,8,,,,,,,,,0,1,1,ysgs9slj,,,,,1
9,jo2tgc78,,0,0,446,,,,0,,,0,9,,,,,,,,,0,1,1,ysgs9slj,,,,,1
10,zn8hub5w,,0,0,446,,,,0,,,0,10,,,,,,,,,0,1,1,ysgs9slj,,,,,1
11,h0bpqmjo,,0,0,446,,,,0,,,0,11,,,,,,,,,0,1,1,ysgs9slj,,,,,1
1,wok9ydu2,5f0521b61eb1e5821cd133b4,0,445,446,end_survey,Feedback,2021-01-22 07:17:33.022620+00:00,1,,,370,1,,39,Female,0,England,0,5f0521b61eb1e5821cd133b4,Chicago,0,1,1,l96mug06,,,,,0
2,bimj9wjy,5e9ffbdcaf81220009abc94f,0,446,446,payment_info,PaymentInfo,2021-01-22 07:17:32.920471+00:00,1,,,2310,2,,29,Male,0,Northern Ireland,0,5e9ffbdcaf81220009abc94f,Chicago,0,1,1,l96mug06,,,,,0
3,qxmif6ct,5f0ed38631c8642506414def,0,446,446,payment_info,PaymentInfo,2021-01-22 07:17:33.090199+00:00,1,,,2720,3,,49,Male,0,England,0,5f0ed38631c8642506414def,Chicago,0,1,1,l96mug06,,,,,0
4,nzlycjid,5c5d36bc034e280001644c3b,0,446,446,payment_info,PaymentInfo,2021-01-22 07:17:33.158650+00:00,1,,,2170,4,,51,Female,0,England,0,5c5d36bc034e280001644c3b,Chicago,0,1,1,l96mug06,,,,,0
5,eej4bm0z,573dbfc9cc30e7000dc57410,0,446,446,payment_info,PaymentInfo,2021-01-22 07:17:33.208165+00:00,1,,,2060,5,,56,Female,0,England,0,573dbfc9cc30e7000dc57410,Chicago,0,1,1,l96mug06,,,,,0
6,01zo9tr5,5dc486da84799a35fbede98d,0,446,446,payment_info,PaymentInfo,2021-01-22 07:17:33.522836+00:00,1,,,2810,6,,43,Male,0,Scotland,0,5dc486da84799a35fbede98d,Chicago,0,1,1,l96mug06,,,,,0
7,kevivxvl,5ffb2c0b07b89b53f4ac3a39,0,446,446,payment_info,PaymentInfo,2021-01-22 07:17:33.322155+00:00,1,,,2880,7,,30,Female,0,England,0,5ffb2c0b07b89b53f4ac3a39,Chicago,0,1,1,l96mug06,,,,,0
8,yhrajhjd,5f906e4553c0fa11f0302333,0,446,446,payment_info,PaymentInfo,2021-01-22 07:17:33.940508+00:00,1,,,2440,8,,51,Female,0,England,0,5f906e4553c0fa11f0302333,Chicago,0,1,1,l96mug06,,,,,0
9,2x35psm5,5ea0002d88f78b1aa69ca675,0,446,446,payment_info,PaymentInfo,2021-01-22 07:17:33.420337+00:00,1,,,2350,9,,54,Female,0,England,0,5ea0002d88f78b1aa69ca675,Chicago,0,1,1,l96mug06,,,,,0
10,w3gvndmi,5ef362975f443108e3f152e3,0,446,446,payment_info,PaymentInfo,2021-01-22 07:17:33.891667+00:00,1,,,2700,10,,30,Male,0,Scotland,0,5ef362975f443108e3f152e3,Chicago,0,1,1,l96mug06,,,,,0
11,iddvm782,595d3afcdd044900012ce78a,0,446,446,payment_info,PaymentInfo,2021-01-22 07:17:33.584642+00:00,1,,,2490,11,,51,Male,0,England,0,595d3afcdd044900012ce78a,Chicago,0,1,1,l96mug06,,,,,0
1,hij01hw2,5f516c6df4ec8e3b620267d8,0,446,446,payment_info,PaymentInfo,2021-01-22 08:17:59.404362+00:00,1,,,2760,1,,32,Female,0,England,0,5f516c6df4ec8e3b620267d8,Chicago,0,1,1,o1h88o19,,,,,0
2,db5xzwvt,5fb27c0b98cf2f8613d51afc,0,446,446,payment_info,PaymentInfo,2021-01-22 08:17:59.180006+00:00,1,,,2410,2,,29,Male,0,England,0,5fb27c0b98cf2f8613d51afc,Tokyo,0,1,1,o1h88o19,,,,,0
3,0n0qxsjj,59664cebaf78da0001a22b4a,0,446,446,payment_info,PaymentInfo,2021-01-22 08:18:00.249286+00:00,1,,,2840,3,,36,Female,0,Scotland,0,59664cebaf78da0001a22b4a,Chicago,0,1,1,o1h88o19,,,,,0
4,kjpcv45u,5fba736741a525a075d4dc48,0,446,446,payment_info,PaymentInfo,2021-01-22 08:17:59.746036+00:00,1,,,2280,4,,38,Male,0,England,0,5fba736741a525a075d4dc48,Chicago,0,1,1,o1h88o19,,,,,0
5,ylfxb2ji,5fa1625b165aa923f3e8e2eb,0,446,446,payment_info,PaymentInfo,2021-01-22 08:17:59.534740+00:00,1,,,2460,5,,47,Male,0,England,0,5fa1625b165aa923f3e8e2eb,Chicago,0,1,1,o1h88o19,,,,,0
6,f65prxln,5aeb063b2f05b500013028a0,0,446,446,payment_info,PaymentInfo,2021-01-22 08:17:59.350879+00:00,1,,,2080,6,,33,Female,0,England,0,5aeb063b2f05b500013028a0,Chicago,0,1,1,o1h88o19,,,,,0
7,l1fbwtpm,5d3ef33e8da0790017c90e08,0,446,446,payment_info,PaymentInfo,2021-01-22 08:17:59.671849+00:00,1,,,2640,7,,30,Male,0,England,0,5d3ef33e8da0790017c90e08,Chicago,0,1,1,o1h88o19,,,,,0
8,sbklkua4,5fb2e4366d4958998c926ea4,0,446,446,payment_info,PaymentInfo,2021-01-22 08:17:59.821806+00:00,1,,,2030,8,,53,Female,0,Scotland,0,5fb2e4366d4958998c926ea4,Chicago,0,1,1,o1h88o19,,,,,0
9,lui4ds0m,5e13189b1d6b469661725154,0,446,446,payment_info,PaymentInfo,2021-01-22 08:17:59.605074+00:00,1,,,3280,9,,41,Female,0,England,0,5e13189b1d6b469661725154,Chicago,0,1,1,o1h88o19,,,,,0
10,hy7lv8gv,5ffc406c2a8864000b72f6de,0,446,446,payment_info,PaymentInfo,2021-01-22 08:17:59.462370+00:00,1,,,2370,10,,50,Male,0,England,0,5ffc406c2a8864000b72f6de,Chicago,0,1,1,o1h88o19,,,,,0
11,1svbkxs1,5ef4860d22eb1d04bbcd9586,0,445,446,end_survey,Feedback,2021-01-22 08:18:00.017897+00:00,1,,,280,11,,0,,0,,0,,,0,1,1,o1h88o19,,,,,0
1,bocy2ese,5f18523cacf5301605a612b7,0,446,446,payment_info,PaymentInfo,2021-01-22 21:54:55.883305+00:00,1,,,2360,1,,20,Female,0,England,0,5f18523cacf5301605a612b7,Chicago,0,1,1,jl83w4kx,,,,,0
2,915s98gs,5d3a250e1ea0890001ad7243,0,446,446,payment_info,PaymentInfo,2021-01-22 21:54:55.832968+00:00,1,,,2480,2,,21,Male,0,England,0,5d3a250e1ea0890001ad7243,Chicago,0,1,1,jl83w4kx,,,,,0
3,wscmn612,5d4f3fb8bd127b0019c6dc04,0,446,446,payment_info,PaymentInfo,2021-01-22 21:54:55.920703+00:00,1,,,2250,3,,41,Male,0,England,0,5d4f3fb8bd127b0019c6dc04,Chicago,0,1,1,jl83w4kx,,,,,0
4,l9lpg4ob,5f9d6a9960574128919e970e,0,446,446,payment_info,PaymentInfo,2021-01-22 21:54:55.993461+00:00,1,,,2640,4,,31,Male,0,England,0,5f9d6a9960574128919e970e,Chicago,0,1,1,jl83w4kx,,,,,0
5,ps7ebdsw,5f1ff13e60425e000b850ecd,0,446,446,payment_info,PaymentInfo,2021-01-22 21:54:55.960614+00:00,1,,,2670,5,,29,Female,0,England,0,5f1ff13e60425e000b850ecd,Chicago,0,1,1,jl83w4kx,,,,,0
6,koi9tdsx,5ff4785291948a6754a1c2bf,0,446,446,payment_info,PaymentInfo,2021-01-22 21:54:56.033128+00:00,1,,,2260,6,,22,Female,0,England,0,5ff4785291948a6754a1c2bf,Chicago,0,1,1,jl83w4kx,,,,,0
7,t2wluido,5f1b6b907f8f0400091a03c3,0,445,446,end_survey,Feedback,2021-01-22 21:54:56.084463+00:00,1,,,210,7,,21,Male,0,England,0,5f1b6b907f8f0400091a03c3,Chicago,0,1,1,jl83w4kx,,,,,0
8,dh4bcgks,5be059664c397b0001ec2db2,0,445,446,end_survey,Feedback,2021-01-22 21:54:56.562710+00:00,1,,,210,8,,55,Female,0,Scotland,0,5be059664c397b0001ec2db2,Chicago,0,1,1,jl83w4kx,,,,,0
9,j1bpizz4,556f0592fdf99b0fef6c2e84,0,446,446,payment_info,PaymentInfo,2021-01-22 21:54:56.527248+00:00,1,,,2590,9,,41,Female,0,England,0,556f0592fdf99b0fef6c2e84,Chicago,0,1,1,jl83w4kx,,,,,0
10,b07ugkwv,5c0873675b32d500012e3f2c,0,446,446,payment_info,PaymentInfo,2021-01-22 21:54:56.258489+00:00,1,,,3240,10,,58,Female,0,England,0,5c0873675b32d500012e3f2c,Chicago,0,1,1,jl83w4kx,,,,,0
11,eh0h5ta5,5f1cb98a32a56a56755480bf,0,446,446,payment_info,PaymentInfo,2021-01-22 21:54:56.493819+00:00,1,,,2320,11,,26,Female,0,England,0,5f1cb98a32a56a56755480bf,Tokyo,0,1,1,jl83w4kx,,,,,0
